gndr,ethcty,nm
FEMALE,ASIAN AND PACIFIC ISLANDER,Chloe
FEMALE,ASIAN AND PACIFIC ISLANDER,Olivia
FEMALE,ASIAN AND PACIFIC ISLANDER,Mia
FEMALE,ASIAN AND PACIFIC ISLANDER,Sophia
FEMALE,ASIAN AND PACIFIC ISLANDER,Emma
FEMALE,ASIAN AND PACIFIC ISLANDER,Amelia
FEMALE,ASIAN AND PACIFIC ISLANDER,Charlotte
FEMALE,ASIAN AND PACIFIC ISLANDER,Emily
FEMALE,ASIAN AND PACIFIC ISLANDER,Grace
FEMALE,ASIAN AND PACIFIC ISLANDER,Isabella
FEMALE,ASIAN AND PACIFIC ISLANDER,Ella
FEMALE,ASIAN AND PACIFIC ISLANDER,Evelyn
FEMALE,ASIAN AND PACIFIC ISLANDER,Ava
FEMALE,ASIAN AND PACIFIC ISLANDER,Hannah
FEMALE,ASIAN AND PACIFIC ISLANDER,Aria
FEMALE,ASIAN AND PACIFIC ISLANDER,Bella
FEMALE,ASIAN AND PACIFIC ISLANDER,Hailey
FEMALE,ASIAN AND PACIFIC ISLANDER,Sarah
FEMALE,ASIAN AND PACIFIC ISLANDER,Arya
FEMALE,ASIAN AND PACIFIC ISLANDER,Claire
FEMALE,ASIAN AND PACIFIC ISLANDER,Fatima
FEMALE,ASIAN AND PACIFIC ISLANDER,Ellie
FEMALE,ASIAN AND PACIFIC ISLANDER,Kayla
FEMALE,ASIAN AND PACIFIC ISLANDER,Zoe
FEMALE,ASIAN AND PACIFIC ISLANDER,Maryam
FEMALE,ASIAN AND PACIFIC ISLANDER,Audrey
FEMALE,ASIAN AND PACIFIC ISLANDER,Avery
FEMALE,ASIAN AND PACIFIC ISLANDER,Anna
FEMALE,ASIAN AND PACIFIC ISLANDER,Abigail
FEMALE,ASIAN AND PACIFIC ISLANDER,Maya
FEMALE,ASIAN AND PACIFIC ISLANDER,Alyssa
FEMALE,ASIAN AND PACIFIC ISLANDER,Emilia
FEMALE,ASIAN AND PACIFIC ISLANDER,Inaaya
FEMALE,ASIAN AND PACIFIC ISLANDER,Jasmine
FEMALE,ASIAN AND PACIFIC ISLANDER,Riley
FEMALE,ASIAN AND PACIFIC ISLANDER,Sofia
FEMALE,ASIAN AND PACIFIC ISLANDER,Tenzin
FEMALE,ASIAN AND PACIFIC ISLANDER,Zoey
FEMALE,ASIAN AND PACIFIC ISLANDER,Alice
FEMALE,ASIAN AND PACIFIC ISLANDER,Celine
FEMALE,ASIAN AND PACIFIC ISLANDER,Joanna
FEMALE,ASIAN AND PACIFIC ISLANDER,Alina
FEMALE,ASIAN AND PACIFIC ISLANDER,Fiona
FEMALE,ASIAN AND PACIFIC ISLANDER,Anaya
FEMALE,ASIAN AND PACIFIC ISLANDER,Sophie
FEMALE,ASIAN AND PACIFIC ISLANDER,Luna
FEMALE,ASIAN AND PACIFIC ISLANDER,Leah
FEMALE,ASIAN AND PACIFIC ISLANDER,Eva
FEMALE,ASIAN AND PACIFIC ISLANDER,Ayesha
FEMALE,ASIAN AND PACIFIC ISLANDER,Annie
FEMALE,ASIAN AND PACIFIC ISLANDER,Zainab
FEMALE,ASIAN AND PACIFIC ISLANDER,Mila
FEMALE,ASIAN AND PACIFIC ISLANDER,Elena
FEMALE,ASIAN AND PACIFIC ISLANDER,Angela
FEMALE,ASIAN AND PACIFIC ISLANDER,Amaya
FEMALE,ASIAN AND PACIFIC ISLANDER,Anabia
FEMALE,ASIAN AND PACIFIC ISLANDER,Inaya
FEMALE,ASIAN AND PACIFIC ISLANDER,Zara
FEMALE,ASIAN AND PACIFIC ISLANDER,Manha
FEMALE,ASIAN AND PACIFIC ISLANDER,Ariana
FEMALE,ASIAN AND PACIFIC ISLANDER,Penelope
FEMALE,ASIAN AND PACIFIC ISLANDER,Katherine
FEMALE,ASIAN AND PACIFIC ISLANDER,Nina
FEMALE,ASIAN AND PACIFIC ISLANDER,Aiza
FEMALE,ASIAN AND PACIFIC ISLANDER,Zahra
FEMALE,ASIAN AND PACIFIC ISLANDER,Scarlett
FEMALE,ASIAN AND PACIFIC ISLANDER,Phoebe
FEMALE,ASIAN AND PACIFIC ISLANDER,Natalie
FEMALE,ASIAN AND PACIFIC ISLANDER,Layla
FEMALE,ASIAN AND PACIFIC ISLANDER,Kylie
FEMALE,ASIAN AND PACIFIC ISLANDER,Jannatul
FEMALE,ASIAN AND PACIFIC ISLANDER,Irene
FEMALE,ASIAN AND PACIFIC ISLANDER,Harper
FEMALE,ASIAN AND PACIFIC ISLANDER,Eliana
FEMALE,ASIAN AND PACIFIC ISLANDER,Eleanor
FEMALE,ASIAN AND PACIFIC ISLANDER,Aliza
FEMALE,ASIAN AND PACIFIC ISLANDER,Ashley
FEMALE,ASIAN AND PACIFIC ISLANDER,Ayat
FEMALE,ASIAN AND PACIFIC ISLANDER,Cynthia
FEMALE,ASIAN AND PACIFIC ISLANDER,Jessica
FEMALE,ASIAN AND PACIFIC ISLANDER,Jocelyn
FEMALE,ASIAN AND PACIFIC ISLANDER,Vivian
FEMALE,ASIAN AND PACIFIC ISLANDER,Sara
FEMALE,ASIAN AND PACIFIC ISLANDER,Madeline
FEMALE,ASIAN AND PACIFIC ISLANDER,Ariel
FEMALE,ASIAN AND PACIFIC ISLANDER,Catherine
FEMALE,ASIAN AND PACIFIC ISLANDER,Khadija
FEMALE,ASIAN AND PACIFIC ISLANDER,Stella
FEMALE,ASIAN AND PACIFIC ISLANDER,Rachel
FEMALE,ASIAN AND PACIFIC ISLANDER,Melody
FEMALE,ASIAN AND PACIFIC ISLANDER,Amy
FEMALE,ASIAN AND PACIFIC ISLANDER,Angelina
FEMALE,ASIAN AND PACIFIC ISLANDER,Madison
FEMALE,ASIAN AND PACIFIC ISLANDER,Julia
FEMALE,ASIAN AND PACIFIC ISLANDER,Nora
FEMALE,ASIAN AND PACIFIC ISLANDER,Abby
FEMALE,ASIAN AND PACIFIC ISLANDER,Athena
FEMALE,ASIAN AND PACIFIC ISLANDER,Ada
FEMALE,ASIAN AND PACIFIC ISLANDER,Aleena
FEMALE,ASIAN AND PACIFIC ISLANDER,Allison
FEMALE,ASIAN AND PACIFIC ISLANDER,Ariella
FEMALE,ASIAN AND PACIFIC ISLANDER,Naomi
FEMALE,ASIAN AND PACIFIC ISLANDER,Michelle
FEMALE,ASIAN AND PACIFIC ISLANDER,Kaylee
FEMALE,ASIAN AND PACIFIC ISLANDER,Ivy
FEMALE,ASIAN AND PACIFIC ISLANDER,Elizabeth
FEMALE,ASIAN AND PACIFIC ISLANDER,Elise
FEMALE,ASIAN AND PACIFIC ISLANDER,Aurora
FEMALE,ASIAN AND PACIFIC ISLANDER,Kiara
FEMALE,ASIAN AND PACIFIC ISLANDER,Lily
FEMALE,ASIAN AND PACIFIC ISLANDER,Mariam
FEMALE,ASIAN AND PACIFIC ISLANDER,Ophelia
FEMALE,ASIAN AND PACIFIC ISLANDER,Zoya
FEMALE,ASIAN AND PACIFIC ISLANDER,Alexandra
FEMALE,ASIAN AND PACIFIC ISLANDER,Daisy
FEMALE,ASIAN AND PACIFIC ISLANDER,Cecilia
FEMALE,ASIAN AND PACIFIC ISLANDER,Erin
FEMALE,ASIAN AND PACIFIC ISLANDER,Iris
FEMALE,ASIAN AND PACIFIC ISLANDER,Isla
FEMALE,ASIAN AND PACIFIC ISLANDER,Joy
FEMALE,ASIAN AND PACIFIC ISLANDER,Karen
FEMALE,ASIAN AND PACIFIC ISLANDER,Norah
FEMALE,ASIAN AND PACIFIC ISLANDER,Rhea
FEMALE,ASIAN AND PACIFIC ISLANDER,Ruby
FEMALE,ASIAN AND PACIFIC ISLANDER,Skylar
FEMALE,ASIAN AND PACIFIC ISLANDER,Stephanie
FEMALE,ASIAN AND PACIFIC ISLANDER,Violet
FEMALE,ASIAN AND PACIFIC ISLANDER,Aaliyah
FEMALE,ASIAN AND PACIFIC ISLANDER,Alisha
FEMALE,ASIAN AND PACIFIC ISLANDER,Angie
FEMALE,ASIAN AND PACIFIC ISLANDER,Elina
FEMALE,ASIAN AND PACIFIC ISLANDER,Esther
FEMALE,ASIAN AND PACIFIC ISLANDER,Kelly
FEMALE,ASIAN AND PACIFIC ISLANDER,Kira
FEMALE,ASIAN AND PACIFIC ISLANDER,Miya
FEMALE,ASIAN AND PACIFIC ISLANDER,Hoorain
FEMALE,ASIAN AND PACIFIC ISLANDER,Vicky
FEMALE,ASIAN AND PACIFIC ISLANDER,Vanessa
FEMALE,ASIAN AND PACIFIC ISLANDER,Serena
FEMALE,ASIAN AND PACIFIC ISLANDER,Lydia
FEMALE,ASIAN AND PACIFIC ISLANDER,Lena
FEMALE,ASIAN AND PACIFIC ISLANDER,Josephine
FEMALE,ASIAN AND PACIFIC ISLANDER,Jannat
FEMALE,ASIAN AND PACIFIC ISLANDER,Janice
FEMALE,ASIAN AND PACIFIC ISLANDER,Helen
FEMALE,ASIAN AND PACIFIC ISLANDER,Hazel
FEMALE,ASIAN AND PACIFIC ISLANDER,Dua
FEMALE,ASIAN AND PACIFIC ISLANDER,Ayra
FEMALE,ASIAN AND PACIFIC ISLANDER,Selina
FEMALE,ASIAN AND PACIFIC ISLANDER,Nicole
FEMALE,ASIAN AND PACIFIC ISLANDER,Nabiha
FEMALE,ASIAN AND PACIFIC ISLANDER,Amara
FEMALE,ASIAN AND PACIFIC ISLANDER,Muntaha
FEMALE,ASIAN AND PACIFIC ISLANDER,Madeleine
FEMALE,ASIAN AND PACIFIC ISLANDER,Aliya
FEMALE,ASIAN AND PACIFIC ISLANDER,Alayna
FEMALE,ASIAN AND PACIFIC ISLANDER,Aisha
FEMALE,BLACK NON HISPANIC,Ava
FEMALE,BLACK NON HISPANIC,Madison
FEMALE,BLACK NON HISPANIC,Skylar
FEMALE,BLACK NON HISPANIC,Riley
FEMALE,BLACK NON HISPANIC,Amelia
FEMALE,BLACK NON HISPANIC,Olivia
FEMALE,BLACK NON HISPANIC,Zuri
FEMALE,BLACK NON HISPANIC,Isabella
FEMALE,BLACK NON HISPANIC,Zoey
FEMALE,BLACK NON HISPANIC,Serenity
FEMALE,BLACK NON HISPANIC,Fatoumata
FEMALE,BLACK NON HISPANIC,Chloe
FEMALE,BLACK NON HISPANIC,Fatima
FEMALE,BLACK NON HISPANIC,Aria
FEMALE,BLACK NON HISPANIC,Leah
FEMALE,BLACK NON HISPANIC,Melody
FEMALE,BLACK NON HISPANIC,Amina
FEMALE,BLACK NON HISPANIC,Mariam
FEMALE,BLACK NON HISPANIC,Nova
FEMALE,BLACK NON HISPANIC,Aaliyah
FEMALE,BLACK NON HISPANIC,Brielle
FEMALE,BLACK NON HISPANIC,Layla
FEMALE,BLACK NON HISPANIC,Mia
FEMALE,BLACK NON HISPANIC,Grace
FEMALE,BLACK NON HISPANIC,Nyla
FEMALE,BLACK NON HISPANIC,Sophia
FEMALE,BLACK NON HISPANIC,Aisha
FEMALE,BLACK NON HISPANIC,Kylie
FEMALE,BLACK NON HISPANIC,Miracle
FEMALE,BLACK NON HISPANIC,Wynter
FEMALE,BLACK NON HISPANIC,Autumn
FEMALE,BLACK NON HISPANIC,Kayla
FEMALE,BLACK NON HISPANIC,Kehlani
FEMALE,BLACK NON HISPANIC,Reign
FEMALE,BLACK NON HISPANIC,Savannah
FEMALE,BLACK NON HISPANIC,Abigail
FEMALE,BLACK NON HISPANIC,Aminata
FEMALE,BLACK NON HISPANIC,Amira
FEMALE,BLACK NON HISPANIC,Harmony
FEMALE,BLACK NON HISPANIC,Zoe
FEMALE,BLACK NON HISPANIC,Naomi
FEMALE,BLACK NON HISPANIC,Leilani
FEMALE,BLACK NON HISPANIC,Gianna
FEMALE,BLACK NON HISPANIC,Taylor
FEMALE,BLACK NON HISPANIC,Phoenix
FEMALE,BLACK NON HISPANIC,Nevaeh
FEMALE,BLACK NON HISPANIC,Bella
FEMALE,BLACK NON HISPANIC,Ariah
FEMALE,BLACK NON HISPANIC,Genesis
FEMALE,BLACK NON HISPANIC,Rylee
FEMALE,BLACK NON HISPANIC,Mya
FEMALE,BLACK NON HISPANIC,Amiyah
FEMALE,BLACK NON HISPANIC,Emma
FEMALE,BLACK NON HISPANIC,Faith
FEMALE,BLACK NON HISPANIC,Jade
FEMALE,BLACK NON HISPANIC,Makayla
FEMALE,BLACK NON HISPANIC,Journee
FEMALE,BLACK NON HISPANIC,London
FEMALE,BLACK NON HISPANIC,Jayla
FEMALE,BLACK NON HISPANIC,Nylah
FEMALE,BLACK NON HISPANIC,Summer
FEMALE,BLACK NON HISPANIC,Victoria
FEMALE,BLACK NON HISPANIC,Malia
FEMALE,BLACK NON HISPANIC,Kennedy
FEMALE,BLACK NON HISPANIC,Kali
FEMALE,BLACK NON HISPANIC,Gabriella
FEMALE,BLACK NON HISPANIC,Gabrielle
FEMALE,BLACK NON HISPANIC,Jordyn
FEMALE,BLACK NON HISPANIC,Maliyah
FEMALE,BLACK NON HISPANIC,Paige
FEMALE,BLACK NON HISPANIC,Peyton
FEMALE,BLACK NON HISPANIC,Hannah
FEMALE,BLACK NON HISPANIC,Ariana
FEMALE,BLACK NON HISPANIC,Arielle
FEMALE,BLACK NON HISPANIC,Amaya
FEMALE,BLACK NON HISPANIC,Sienna
FEMALE,BLACK NON HISPANIC,Sarai
FEMALE,BLACK NON HISPANIC,Paris
FEMALE,BLACK NON HISPANIC,Khloe
FEMALE,BLACK NON HISPANIC,Destiny
FEMALE,BLACK NON HISPANIC,Arya
FEMALE,BLACK NON HISPANIC,Alani
FEMALE,BLACK NON HISPANIC,Ariel
FEMALE,BLACK NON HISPANIC,Avery
FEMALE,BLACK NON HISPANIC,Dream
FEMALE,BLACK NON HISPANIC,Ella
FEMALE,BLACK NON HISPANIC,Imani
FEMALE,BLACK NON HISPANIC,Kaylee
FEMALE,BLACK NON HISPANIC,Lyric
FEMALE,BLACK NON HISPANIC,Kimora
FEMALE,BLACK NON HISPANIC,Leila
FEMALE,BLACK NON HISPANIC,Sarah
FEMALE,BLACK NON HISPANIC,Ryan
FEMALE,BLACK NON HISPANIC,Royalty
FEMALE,BLACK NON HISPANIC,Milan
FEMALE,BLACK NON HISPANIC,Maya
FEMALE,BLACK NON HISPANIC,Mackenzie
FEMALE,BLACK NON HISPANIC,Mariama
FEMALE,BLACK NON HISPANIC,Aicha
FEMALE,BLACK NON HISPANIC,Amara
FEMALE,BLACK NON HISPANIC,Amora
FEMALE,BLACK NON HISPANIC,Aubrey
FEMALE,BLACK NON HISPANIC,Dior
FEMALE,BLACK NON HISPANIC,Khadijah
FEMALE,BLACK NON HISPANIC,Sage
FEMALE,BLACK NON HISPANIC,Milani
FEMALE,BLACK NON HISPANIC,Michelle
FEMALE,BLACK NON HISPANIC,Melanie
FEMALE,BLACK NON HISPANIC,Laila
FEMALE,BLACK NON HISPANIC,Journey
FEMALE,BLACK NON HISPANIC,Winter
FEMALE,BLACK NON HISPANIC,Shiloh
FEMALE,BLACK NON HISPANIC,Isabelle
FEMALE,BLACK NON HISPANIC,Bintou
FEMALE,BLACK NON HISPANIC,Aliyah
FEMALE,BLACK NON HISPANIC,Amirah
FEMALE,BLACK NON HISPANIC,Alexis
FEMALE,BLACK NON HISPANIC,Zainab
FEMALE,BLACK NON HISPANIC,Trinity
FEMALE,BLACK NON HISPANIC,Jasmine
FEMALE,BLACK NON HISPANIC,Jaliyah
FEMALE,BLACK NON HISPANIC,Hope
FEMALE,BLACK NON HISPANIC,Hailey
FEMALE,BLACK NON HISPANIC,Emily
FEMALE,BLACK NON HISPANIC,Arianna
FEMALE,BLACK NON HISPANIC,Eva
FEMALE,BLACK NON HISPANIC,Skylah
FEMALE,BLACK NON HISPANIC,Nia
FEMALE,BLACK NON HISPANIC,Maryam
FEMALE,BLACK NON HISPANIC,Luna
FEMALE,BLACK NON HISPANIC,Londyn
FEMALE,BLACK NON HISPANIC,Kori
FEMALE,BLACK NON HISPANIC,Jewel
FEMALE,BLACK NON HISPANIC,Anaya
FEMALE,BLACK NON HISPANIC,Cali
FEMALE,BLACK NON HISPANIC,Elizabeth
FEMALE,BLACK NON HISPANIC,Aurora
FEMALE,BLACK NON HISPANIC,Chelsea
FEMALE,BLACK NON HISPANIC,Egypt
FEMALE,BLACK NON HISPANIC,Eliana
FEMALE,BLACK NON HISPANIC,Jada
FEMALE,BLACK NON HISPANIC,Janiyah
FEMALE,BLACK NON HISPANIC,Kalani
FEMALE,BLACK NON HISPANIC,Lauren
FEMALE,BLACK NON HISPANIC,Mckenzie
FEMALE,BLACK NON HISPANIC,Morgan
FEMALE,BLACK NON HISPANIC,Sapphire
FEMALE,BLACK NON HISPANIC,Tori
FEMALE,BLACK NON HISPANIC,Zara
FEMALE,BLACK NON HISPANIC,Zora
FEMALE,BLACK NON HISPANIC,Brianna
FEMALE,BLACK NON HISPANIC,Amayah
FEMALE,BLACK NON HISPANIC,Aniyah
FEMALE,BLACK NON HISPANIC,Zhuri
FEMALE,BLACK NON HISPANIC,Sevyn
FEMALE,BLACK NON HISPANIC,Sariyah
FEMALE,BLACK NON HISPANIC,Sanai
FEMALE,BLACK NON HISPANIC,Royal
FEMALE,BLACK NON HISPANIC,Oumou
FEMALE,BLACK NON HISPANIC,Nala
FEMALE,BLACK NON HISPANIC,Nailah
FEMALE,BLACK NON HISPANIC,Lauryn
FEMALE,BLACK NON HISPANIC,Khaleesi
FEMALE,BLACK NON HISPANIC,Khadija
FEMALE,BLACK NON HISPANIC,Kenzie
FEMALE,BLACK NON HISPANIC,Kamiyah
FEMALE,BLACK NON HISPANIC,Hawa
FEMALE,BLACK NON HISPANIC,Gia
FEMALE,BLACK NON HISPANIC,Eden
FEMALE,BLACK NON HISPANIC,Ariyah
FEMALE,BLACK NON HISPANIC,Amani
FEMALE,BLACK NON HISPANIC,Zariah
FEMALE,HISPANIC,Isabella
FEMALE,HISPANIC,Emma
FEMALE,HISPANIC,Sophia
FEMALE,HISPANIC,Mia
FEMALE,HISPANIC,Camila
FEMALE,HISPANIC,Luna
FEMALE,HISPANIC,Valentina
FEMALE,HISPANIC,Sofia
FEMALE,HISPANIC,Victoria
FEMALE,HISPANIC,Ava
FEMALE,HISPANIC,Olivia
FEMALE,HISPANIC,Amelia
FEMALE,HISPANIC,Alaia
FEMALE,HISPANIC,Leah
FEMALE,HISPANIC,Zoe
FEMALE,HISPANIC,Genesis
FEMALE,HISPANIC,Abigail
FEMALE,HISPANIC,Scarlett
FEMALE,HISPANIC,Emily
FEMALE,HISPANIC,Ashley
FEMALE,HISPANIC,Ariana
FEMALE,HISPANIC,Penelope
FEMALE,HISPANIC,Samantha
FEMALE,HISPANIC,Charlotte
FEMALE,HISPANIC,Mila
FEMALE,HISPANIC,Hailey
FEMALE,HISPANIC,Chloe
FEMALE,HISPANIC,Elizabeth
FEMALE,HISPANIC,Melanie
FEMALE,HISPANIC,Allison
FEMALE,HISPANIC,Madison
FEMALE,HISPANIC,Gianna
FEMALE,HISPANIC,Bella
FEMALE,HISPANIC,Elena
FEMALE,HISPANIC,Amy
FEMALE,HISPANIC,Amaya
FEMALE,HISPANIC,Kaylee
FEMALE,HISPANIC,Grace
FEMALE,HISPANIC,Valerie
FEMALE,HISPANIC,Alexa
FEMALE,HISPANIC,Emilia
FEMALE,HISPANIC,Gabriella
FEMALE,HISPANIC,Eliana
FEMALE,HISPANIC,Arya
FEMALE,HISPANIC,Brianna
FEMALE,HISPANIC,Daniela
FEMALE,HISPANIC,Riley
FEMALE,HISPANIC,Kimberly
FEMALE,HISPANIC,Maya
FEMALE,HISPANIC,Valeria
FEMALE,HISPANIC,Arianna
FEMALE,HISPANIC,Sarah
FEMALE,HISPANIC,Jade
FEMALE,HISPANIC,Kylie
FEMALE,HISPANIC,Layla
FEMALE,HISPANIC,Ana
FEMALE,HISPANIC,Amaia
FEMALE,HISPANIC,Emely
FEMALE,HISPANIC,Aria
FEMALE,HISPANIC,Amalia
FEMALE,HISPANIC,Aaliyah
FEMALE,HISPANIC,Natalie
FEMALE,HISPANIC,Leilani
FEMALE,HISPANIC,Zoey
FEMALE,HISPANIC,Evelyn
FEMALE,HISPANIC,Eva
FEMALE,HISPANIC,Andrea
FEMALE,HISPANIC,Hannah
FEMALE,HISPANIC,Jayleen
FEMALE,HISPANIC,Samara
FEMALE,HISPANIC,Lia
FEMALE,HISPANIC,Juliet
FEMALE,HISPANIC,Alison
FEMALE,HISPANIC,Violet
FEMALE,HISPANIC,Kayla
FEMALE,HISPANIC,Khloe
FEMALE,HISPANIC,Maria
FEMALE,HISPANIC,Melody
FEMALE,HISPANIC,Savannah
FEMALE,HISPANIC,Isabel
FEMALE,HISPANIC,Rose
FEMALE,HISPANIC,Lucia
FEMALE,HISPANIC,Kiara
FEMALE,HISPANIC,Kamila
FEMALE,HISPANIC,Diana
FEMALE,HISPANIC,Natalia
FEMALE,HISPANIC,Aliyah
FEMALE,HISPANIC,Gabriela
FEMALE,HISPANIC,Alice
FEMALE,HISPANIC,Jazlyn
FEMALE,HISPANIC,Celine
FEMALE,HISPANIC,Athena
FEMALE,HISPANIC,Ella
FEMALE,HISPANIC,Michelle
FEMALE,HISPANIC,Serenity
FEMALE,HISPANIC,Sarai
FEMALE,HISPANIC,Antonella
FEMALE,HISPANIC,Alina
FEMALE,HISPANIC,Juliette
FEMALE,HISPANIC,Kaylani
FEMALE,HISPANIC,Alexandra
FEMALE,HISPANIC,Amanda
FEMALE,HISPANIC,Avery
FEMALE,HISPANIC,Aurora
FEMALE,HISPANIC,Stephanie
FEMALE,HISPANIC,Alyssa
FEMALE,HISPANIC,Jasmine
FEMALE,HISPANIC,Nicole
FEMALE,HISPANIC,Nova
FEMALE,HISPANIC,Adriana
FEMALE,HISPANIC,Alana
FEMALE,HISPANIC,Maia
FEMALE,HISPANIC,Ximena
FEMALE,HISPANIC,Ariella
FEMALE,HISPANIC,Danna
FEMALE,HISPANIC,Esther
FEMALE,HISPANIC,Liliana
FEMALE,HISPANIC,London
FEMALE,HISPANIC,Melany
FEMALE,HISPANIC,Skylar
FEMALE,HISPANIC,Sophie
FEMALE,HISPANIC,Aleah
FEMALE,HISPANIC,Catalina
FEMALE,HISPANIC,Leslie
FEMALE,HISPANIC,Naomi
FEMALE,HISPANIC,Liana
FEMALE,HISPANIC,Mariana
FEMALE,HISPANIC,Aubrey
FEMALE,HISPANIC,Vanessa
FEMALE,HISPANIC,Sienna
FEMALE,HISPANIC,Angela
FEMALE,HISPANIC,Daniella
FEMALE,HISPANIC,Destiny
FEMALE,HISPANIC,Ellie
FEMALE,HISPANIC,Giselle
FEMALE,HISPANIC,Itzel
FEMALE,HISPANIC,Valery
FEMALE,HISPANIC,Yaretzi
FEMALE,HISPANIC,Katherine
FEMALE,HISPANIC,Madelyn
FEMALE,HISPANIC,Ruby
FEMALE,HISPANIC,Kailani
FEMALE,HISPANIC,Angie
FEMALE,HISPANIC,Angelina
FEMALE,HISPANIC,Autumn
FEMALE,HISPANIC,Briana
FEMALE,HISPANIC,Zara
FEMALE,HISPANIC,Rachel
FEMALE,HISPANIC,Nyla
FEMALE,HISPANIC,Luciana
FEMALE,HISPANIC,Keyla
FEMALE,HISPANIC,Juliana
FEMALE,HISPANIC,Brielle
FEMALE,HISPANIC,Jayla
FEMALE,HISPANIC,Jazmin
FEMALE,HISPANIC,Alessia
FEMALE,HISPANIC,Alia
FEMALE,HISPANIC,Amber
FEMALE,HISPANIC,Amira
FEMALE,HISPANIC,Anastasia
FEMALE,HISPANIC,Laila
FEMALE,HISPANIC,Nylah
FEMALE,HISPANIC,Alma
FEMALE,HISPANIC,Alondra
FEMALE,HISPANIC,Dahlia
FEMALE,HISPANIC,Dayana
FEMALE,HISPANIC,Eliza
FEMALE,HISPANIC,Esmeralda
FEMALE,HISPANIC,Julia
FEMALE,HISPANIC,Kehlani
FEMALE,HISPANIC,Malia
FEMALE,HISPANIC,Audrey
FEMALE,HISPANIC,Lizbeth
FEMALE,HISPANIC,Alanna
FEMALE,HISPANIC,Summer
FEMALE,HISPANIC,Selena
FEMALE,HISPANIC,Sara
FEMALE,HISPANIC,Nashla
FEMALE,HISPANIC,Mya
FEMALE,HISPANIC,Melissa
FEMALE,HISPANIC,Lily
FEMALE,HISPANIC,Elisa
FEMALE,HISPANIC,Eileen
FEMALE,HISPANIC,Alani
FEMALE,HISPANIC,Adeline
FEMALE,HISPANIC,Stella
FEMALE,HISPANIC,Meghan
FEMALE,HISPANIC,Liah
FEMALE,HISPANIC,Luz
FEMALE,HISPANIC,Leila
FEMALE,HISPANIC,Lauren
FEMALE,HISPANIC,Khaleesi
FEMALE,HISPANIC,Julissa
FEMALE,HISPANIC,Heaven
FEMALE,HISPANIC,Delilah
FEMALE,HISPANIC,Ariel
FEMALE,HISPANIC,April
FEMALE,HISPANIC,Annalise
FEMALE,HISPANIC,Angelica
FEMALE,HISPANIC,Analia
FEMALE,HISPANIC,Amara
FEMALE,HISPANIC,Zuri
FEMALE,HISPANIC,Miah
FEMALE,HISPANIC,Lesly
FEMALE,HISPANIC,Karen
FEMALE,HISPANIC,Kaitlyn
FEMALE,HISPANIC,Jessica
FEMALE,HISPANIC,Isabelle
FEMALE,HISPANIC,Isabela
FEMALE,HISPANIC,Guadalupe
FEMALE,HISPANIC,Elianny
FEMALE,HISPANIC,Dara
FEMALE,HISPANIC,Alayna
FEMALE,HISPANIC,Aileen
FEMALE,HISPANIC,Aubree
FEMALE,HISPANIC,Arlette
FEMALE,HISPANIC,Alicia
FEMALE,HISPANIC,Ailani
FEMALE,HISPANIC,Adelynn
FEMALE,HISPANIC,Miranda
FEMALE,HISPANIC,Miracle
FEMALE,HISPANIC,Jennifer
FEMALE,HISPANIC,Jaylin
FEMALE,HISPANIC,Heidy
FEMALE,HISPANIC,Fernanda
FEMALE,HISPANIC,Everly
FEMALE,HISPANIC,Evangeline
FEMALE,HISPANIC,Cali
FEMALE,HISPANIC,Bianca
FEMALE,HISPANIC,Ayla
FEMALE,HISPANIC,Rylee
FEMALE,HISPANIC,Gia
FEMALE,HISPANIC,Crystal
FEMALE,HISPANIC,Cataleya
FEMALE,HISPANIC,Alahia
FEMALE,HISPANIC,Adele
FEMALE,HISPANIC,Abby
FEMALE,HISPANIC,Nina
FEMALE,HISPANIC,Milani
FEMALE,HISPANIC,Mackenzie
FEMALE,HISPANIC,Lyanna
FEMALE,HISPANIC,Litzy
FEMALE,HISPANIC,Laia
FEMALE,HISPANIC,Yaritza
FEMALE,HISPANIC,Yareli
FEMALE,HISPANIC,Tiffany
FEMALE,HISPANIC,Skyla
FEMALE,HISPANIC,Sherlyn
FEMALE,HISPANIC,Scarlet
FEMALE,HISPANIC,Keily
FEMALE,HISPANIC,Kali
FEMALE,HISPANIC,Julianna
FEMALE,HISPANIC,Izabella
FEMALE,HISPANIC,Harley
FEMALE,WHITE NON HISPANIC,Chaya
FEMALE,WHITE NON HISPANIC,Leah
FEMALE,WHITE NON HISPANIC,Esther
FEMALE,WHITE NON HISPANIC,Olivia
FEMALE,WHITE NON HISPANIC,Miriam
FEMALE,WHITE NON HISPANIC,Emma
FEMALE,WHITE NON HISPANIC,Rachel
FEMALE,WHITE NON HISPANIC,Sarah
FEMALE,WHITE NON HISPANIC,Charlotte
FEMALE,WHITE NON HISPANIC,Sophia
FEMALE,WHITE NON HISPANIC,Rivka
FEMALE,WHITE NON HISPANIC,Sara
FEMALE,WHITE NON HISPANIC,Mia
FEMALE,WHITE NON HISPANIC,Chana
FEMALE,WHITE NON HISPANIC,Ella
FEMALE,WHITE NON HISPANIC,Sofia
FEMALE,WHITE NON HISPANIC,Emily
FEMALE,WHITE NON HISPANIC,Ava
FEMALE,WHITE NON HISPANIC,Gitty
FEMALE,WHITE NON HISPANIC,Maya
FEMALE,WHITE NON HISPANIC,Lily
FEMALE,WHITE NON HISPANIC,Amelia
FEMALE,WHITE NON HISPANIC,Zoe
FEMALE,WHITE NON HISPANIC,Penelope
FEMALE,WHITE NON HISPANIC,Sophie
FEMALE,WHITE NON HISPANIC,Faigy
FEMALE,WHITE NON HISPANIC,Isabella
FEMALE,WHITE NON HISPANIC,Victoria
FEMALE,WHITE NON HISPANIC,Mila
FEMALE,WHITE NON HISPANIC,Malky
FEMALE,WHITE NON HISPANIC,Alexandra
FEMALE,WHITE NON HISPANIC,Emilia
FEMALE,WHITE NON HISPANIC,Elizabeth
FEMALE,WHITE NON HISPANIC,Abigail
FEMALE,WHITE NON HISPANIC,Rivky
FEMALE,WHITE NON HISPANIC,Eleanor
FEMALE,WHITE NON HISPANIC,Baila
FEMALE,WHITE NON HISPANIC,Hannah
FEMALE,WHITE NON HISPANIC,Grace
FEMALE,WHITE NON HISPANIC,Avery
FEMALE,WHITE NON HISPANIC,Chloe
FEMALE,WHITE NON HISPANIC,Nora
FEMALE,WHITE NON HISPANIC,Julia
FEMALE,WHITE NON HISPANIC,Anna
FEMALE,WHITE NON HISPANIC,Malka
FEMALE,WHITE NON HISPANIC,Eva
FEMALE,WHITE NON HISPANIC,Layla
FEMALE,WHITE NON HISPANIC,Evelyn
FEMALE,WHITE NON HISPANIC,Stella
FEMALE,WHITE NON HISPANIC,Aria
FEMALE,WHITE NON HISPANIC,Eliana
FEMALE,WHITE NON HISPANIC,Madison
FEMALE,WHITE NON HISPANIC,Ruby
FEMALE,WHITE NON HISPANIC,Violet
FEMALE,WHITE NON HISPANIC,Rose
FEMALE,WHITE NON HISPANIC,Josephine
FEMALE,WHITE NON HISPANIC,Gabriella
FEMALE,WHITE NON HISPANIC,Lucy
FEMALE,WHITE NON HISPANIC,Sienna
FEMALE,WHITE NON HISPANIC,Scarlett
FEMALE,WHITE NON HISPANIC,Raizy
FEMALE,WHITE NON HISPANIC,Isla
FEMALE,WHITE NON HISPANIC,Riley
FEMALE,WHITE NON HISPANIC,Dina
FEMALE,WHITE NON HISPANIC,Noa
FEMALE,WHITE NON HISPANIC,Harper
FEMALE,WHITE NON HISPANIC,Valentina
FEMALE,WHITE NON HISPANIC,Naomi
FEMALE,WHITE NON HISPANIC,Devorah
FEMALE,WHITE NON HISPANIC,Margot
FEMALE,WHITE NON HISPANIC,Hindy
FEMALE,WHITE NON HISPANIC,Shaindy
FEMALE,WHITE NON HISPANIC,Lillian
FEMALE,WHITE NON HISPANIC,Clara
FEMALE,WHITE NON HISPANIC,Chany
FEMALE,WHITE NON HISPANIC,Sadie
FEMALE,WHITE NON HISPANIC,Luna
FEMALE,WHITE NON HISPANIC,Juliette
FEMALE,WHITE NON HISPANIC,Toby
FEMALE,WHITE NON HISPANIC,Vivian
FEMALE,WHITE NON HISPANIC,Chava
FEMALE,WHITE NON HISPANIC,Esty
FEMALE,WHITE NON HISPANIC,Natalie
FEMALE,WHITE NON HISPANIC,Rebecca
FEMALE,WHITE NON HISPANIC,Maria
FEMALE,WHITE NON HISPANIC,Isabel
FEMALE,WHITE NON HISPANIC,Libby
FEMALE,WHITE NON HISPANIC,Sury
FEMALE,WHITE NON HISPANIC,Ariana
FEMALE,WHITE NON HISPANIC,Alice
FEMALE,WHITE NON HISPANIC,Talia
FEMALE,WHITE NON HISPANIC,Claire
FEMALE,WHITE NON HISPANIC,Molly
FEMALE,WHITE NON HISPANIC,Yitty
FEMALE,WHITE NON HISPANIC,Sloane
FEMALE,WHITE NON HISPANIC,Caroline
FEMALE,WHITE NON HISPANIC,Eloise
FEMALE,WHITE NON HISPANIC,Hazel
FEMALE,WHITE NON HISPANIC,Margaret
FEMALE,WHITE NON HISPANIC,Madeline
FEMALE,WHITE NON HISPANIC,Ariella
FEMALE,WHITE NON HISPANIC,Isabelle
FEMALE,WHITE NON HISPANIC,Yides
FEMALE,WHITE NON HISPANIC,Nina
FEMALE,WHITE NON HISPANIC,Quinn
FEMALE,WHITE NON HISPANIC,Bella
FEMALE,WHITE NON HISPANIC,Beatrice
FEMALE,WHITE NON HISPANIC,Vera
FEMALE,WHITE NON HISPANIC,Lucia
FEMALE,WHITE NON HISPANIC,Adele
FEMALE,WHITE NON HISPANIC,Amina
FEMALE,WHITE NON HISPANIC,Audrey
FEMALE,WHITE NON HISPANIC,Ellie
FEMALE,WHITE NON HISPANIC,Fraidy
FEMALE,WHITE NON HISPANIC,Lila
FEMALE,WHITE NON HISPANIC,Liliana
FEMALE,WHITE NON HISPANIC,Lyla
FEMALE,WHITE NON HISPANIC,Maeve
FEMALE,WHITE NON HISPANIC,Alessia
FEMALE,WHITE NON HISPANIC,Aurora
FEMALE,WHITE NON HISPANIC,Francesca
FEMALE,WHITE NON HISPANIC,Gianna
FEMALE,WHITE NON HISPANIC,Kayla
FEMALE,WHITE NON HISPANIC,Pearl
FEMALE,WHITE NON HISPANIC,Ada
FEMALE,WHITE NON HISPANIC,Ayla
FEMALE,WHITE NON HISPANIC,Fiona
FEMALE,WHITE NON HISPANIC,Goldy
FEMALE,WHITE NON HISPANIC,Jane
FEMALE,WHITE NON HISPANIC,Cecilia
FEMALE,WHITE NON HISPANIC,Henny
FEMALE,WHITE NON HISPANIC,Ruchy
FEMALE,WHITE NON HISPANIC,Nechama
FEMALE,WHITE NON HISPANIC,Hailey
FEMALE,WHITE NON HISPANIC,Madeleine
FEMALE,WHITE NON HISPANIC,Liv
FEMALE,WHITE NON HISPANIC,Celine
FEMALE,WHITE NON HISPANIC,Frances
FEMALE,WHITE NON HISPANIC,Skylar
FEMALE,WHITE NON HISPANIC,Bruchy
FEMALE,WHITE NON HISPANIC,Sabrina
FEMALE,WHITE NON HISPANIC,Nicole
FEMALE,WHITE NON HISPANIC,Mindy
FEMALE,WHITE NON HISPANIC,Lina
FEMALE,WHITE NON HISPANIC,Juliana
FEMALE,WHITE NON HISPANIC,Gemma
FEMALE,WHITE NON HISPANIC,Catherine
FEMALE,WHITE NON HISPANIC,Angelina
FEMALE,WHITE NON HISPANIC,Bracha
FEMALE,WHITE NON HISPANIC,Sasha
FEMALE,WHITE NON HISPANIC,June
FEMALE,WHITE NON HISPANIC,Juliet
FEMALE,WHITE NON HISPANIC,Elle
FEMALE,WHITE NON HISPANIC,Eliza
FEMALE,WHITE NON HISPANIC,Adeline
FEMALE,WHITE NON HISPANIC,Annabelle
FEMALE,WHITE NON HISPANIC,Chavy
FEMALE,WHITE NON HISPANIC,Lea
FEMALE,WHITE NON HISPANIC,Mariam
FEMALE,WHITE NON HISPANIC,Olive
FEMALE,WHITE NON HISPANIC,Arianna
FEMALE,WHITE NON HISPANIC,Alessandra
FEMALE,WHITE NON HISPANIC,Parker
FEMALE,WHITE NON HISPANIC,Samantha
FEMALE,WHITE NON HISPANIC,Siena
FEMALE,WHITE NON HISPANIC,Yael
FEMALE,WHITE NON HISPANIC,Yehudis
FEMALE,WHITE NON HISPANIC,Zissy
FEMALE,WHITE NON HISPANIC,Adina
FEMALE,WHITE NON HISPANIC,Aisha
FEMALE,WHITE NON HISPANIC,Alma
FEMALE,WHITE NON HISPANIC,Blima
FEMALE,WHITE NON HISPANIC,Breindy
FEMALE,WHITE NON HISPANIC,Dylan
FEMALE,WHITE NON HISPANIC,Etty
FEMALE,WHITE NON HISPANIC,Faiga
FEMALE,WHITE NON HISPANIC,Layan
FEMALE,WHITE NON HISPANIC,Vivienne
FEMALE,WHITE NON HISPANIC,Pessy
FEMALE,WHITE NON HISPANIC,Yocheved
FEMALE,WHITE NON HISPANIC,Elisheva
FEMALE,WHITE NON HISPANIC,Diana
FEMALE,WHITE NON HISPANIC,Anastasia
FEMALE,WHITE NON HISPANIC,Adriana
FEMALE,WHITE NON HISPANIC,Zoey
FEMALE,WHITE NON HISPANIC,Sydney
FEMALE,WHITE NON HISPANIC,Simone
FEMALE,WHITE NON HISPANIC,Shoshana
FEMALE,WHITE NON HISPANIC,Serena
FEMALE,WHITE NON HISPANIC,Rochel
FEMALE,WHITE NON HISPANIC,Poppy
FEMALE,WHITE NON HISPANIC,Maryam
FEMALE,WHITE NON HISPANIC,Laila
FEMALE,WHITE NON HISPANIC,Kaia
FEMALE,WHITE NON HISPANIC,Iris
FEMALE,WHITE NON HISPANIC,Hinda
FEMALE,WHITE NON HISPANIC,Leila
FEMALE,WHITE NON HISPANIC,Veronica
FEMALE,WHITE NON HISPANIC,Reese
FEMALE,WHITE NON HISPANIC,Mackenzie
FEMALE,WHITE NON HISPANIC,Liba
FEMALE,WHITE NON HISPANIC,Lena
FEMALE,WHITE NON HISPANIC,Lana
FEMALE,WHITE NON HISPANIC,Imona
FEMALE,WHITE NON HISPANIC,Frimet
FEMALE,WHITE NON HISPANIC,Eve
FEMALE,WHITE NON HISPANIC,Elena
FEMALE,WHITE NON HISPANIC,Blimy
FEMALE,WHITE NON HISPANIC,Ahuva
FEMALE,WHITE NON HISPANIC,Adelaide
FEMALE,WHITE NON HISPANIC,Colette
FEMALE,WHITE NON HISPANIC,Devora
FEMALE,WHITE NON HISPANIC,Eden
FEMALE,WHITE NON HISPANIC,Edith
FEMALE,WHITE NON HISPANIC,Georgia
FEMALE,WHITE NON HISPANIC,Hadassah
FEMALE,WHITE NON HISPANIC,Lia
FEMALE,WHITE NON HISPANIC,Liana
FEMALE,WHITE NON HISPANIC,Louise
FEMALE,WHITE NON HISPANIC,Raizel
FEMALE,WHITE NON HISPANIC,Addison
FEMALE,WHITE NON HISPANIC,Savannah
FEMALE,WHITE NON HISPANIC,Willa
FEMALE,WHITE NON HISPANIC,Summer
FEMALE,WHITE NON HISPANIC,Batsheva
FEMALE,WHITE NON HISPANIC,Blake
FEMALE,WHITE NON HISPANIC,Emmy
FEMALE,WHITE NON HISPANIC,Jenna
FEMALE,WHITE NON HISPANIC,Katherine
FEMALE,WHITE NON HISPANIC,Madelyn
FEMALE,WHITE NON HISPANIC,Mary
FEMALE,WHITE NON HISPANIC,Paige
FEMALE,WHITE NON HISPANIC,Perel
FEMALE,WHITE NON HISPANIC,Phoebe
FEMALE,WHITE NON HISPANIC,Genevieve
FEMALE,WHITE NON HISPANIC,Shaindel
FEMALE,WHITE NON HISPANIC,Ruth
FEMALE,WHITE NON HISPANIC,Piper
FEMALE,WHITE NON HISPANIC,Michelle
FEMALE,WHITE NON HISPANIC,Lilah
FEMALE,WHITE NON HISPANIC,Jana
FEMALE,WHITE NON HISPANIC,Gittel
FEMALE,WHITE NON HISPANIC,Frady
FEMALE,WHITE NON HISPANIC,Esme
FEMALE,WHITE NON HISPANIC,Cora
FEMALE,WHITE NON HISPANIC,Elise
FEMALE,WHITE NON HISPANIC,Everly
FEMALE,WHITE NON HISPANIC,Frida
FEMALE,WHITE NON HISPANIC,Hanna
FEMALE,WHITE NON HISPANIC,Ivy
FEMALE,WHITE NON HISPANIC,Keira
FEMALE,WHITE NON HISPANIC,Lara
FEMALE,WHITE NON HISPANIC,Ana
FEMALE,WHITE NON HISPANIC,Amira
FEMALE,WHITE NON HISPANIC,Amelie
FEMALE,WHITE NON HISPANIC,Lilly
FEMALE,WHITE NON HISPANIC,Luciana
FEMALE,WHITE NON HISPANIC,Mira
FEMALE,WHITE NON HISPANIC,Remi
FEMALE,WHITE NON HISPANIC,Roizy
FEMALE,WHITE NON HISPANIC,Sima
FEMALE,WHITE NON HISPANIC,Aviva
FEMALE,WHITE NON HISPANIC,Matilda
FEMALE,WHITE NON HISPANIC,Willow
FEMALE,WHITE NON HISPANIC,Nova
FEMALE,WHITE NON HISPANIC,Rosa
FEMALE,WHITE NON HISPANIC,Shevy
FEMALE,WHITE NON HISPANIC,Suri
FEMALE,WHITE NON HISPANIC,Aliza
FEMALE,WHITE NON HISPANIC,Arya
FEMALE,WHITE NON HISPANIC,Autumn
FEMALE,WHITE NON HISPANIC,Camilla
FEMALE,WHITE NON HISPANIC,Charlie
FEMALE,WHITE NON HISPANIC,Emerson
FEMALE,WHITE NON HISPANIC,Lola
FEMALE,WHITE NON HISPANIC,Laura
FEMALE,WHITE NON HISPANIC,Julianna
FEMALE,WHITE NON HISPANIC,Idy
FEMALE,WHITE NON HISPANIC,Giuliana
FEMALE,WHITE NON HISPANIC,Louisa
FEMALE,WHITE NON HISPANIC,Malika
FEMALE,WHITE NON HISPANIC,Vienna
FEMALE,WHITE NON HISPANIC,Zelda
FEMALE,WHITE NON HISPANIC,Tziporah
FEMALE,WHITE NON HISPANIC,Sylvie
FEMALE,WHITE NON HISPANIC,Romy
FEMALE,WHITE NON HISPANIC,Remy
FEMALE,WHITE NON HISPANIC,Nadia
FEMALE,WHITE NON HISPANIC,Morgan
FEMALE,WHITE NON HISPANIC,Kamila
FEMALE,WHITE NON HISPANIC,Jessica
FEMALE,WHITE NON HISPANIC,Jade
FEMALE,WHITE NON HISPANIC,Iymona
FEMALE,WHITE NON HISPANIC,Evie
FEMALE,WHITE NON HISPANIC,Elliott
FEMALE,WHITE NON HISPANIC,Daphne
FEMALE,WHITE NON HISPANIC,Daniella
FEMALE,WHITE NON HISPANIC,Annabel
FEMALE,WHITE NON HISPANIC,Alyssa
FEMALE,WHITE NON HISPANIC,Alina
FEMALE,WHITE NON HISPANIC,Nava
FEMALE,WHITE NON HISPANIC,Perry
FEMALE,WHITE NON HISPANIC,Shaina
FEMALE,WHITE NON HISPANIC,Sylvia
FEMALE,WHITE NON HISPANIC,Thea
FEMALE,WHITE NON HISPANIC,Athena
FEMALE,WHITE NON HISPANIC,Aurelia
FEMALE,WHITE NON HISPANIC,Ayala
FEMALE,WHITE NON HISPANIC,Bianca
FEMALE,WHITE NON HISPANIC,Tzippy
FEMALE,WHITE NON HISPANIC,Yasmina
FEMALE,WHITE NON HISPANIC,Allison
FEMALE,WHITE NON HISPANIC,Golda
FEMALE,WHITE NON HISPANIC,Jasmine
FEMALE,WHITE NON HISPANIC,Malak
FEMALE,WHITE NON HISPANIC,Muslima
FEMALE,WHITE NON HISPANIC,Bina
FEMALE,WHITE NON HISPANIC,Brooke
FEMALE,WHITE NON HISPANIC,Dana
FEMALE,WHITE NON HISPANIC,Devoiry
FEMALE,WHITE NON HISPANIC,Emery
FEMALE,WHITE NON HISPANIC,Estelle
FEMALE,WHITE NON HISPANIC,Fradel
FEMALE,WHITE NON HISPANIC,Gabriela
FEMALE,WHITE NON HISPANIC,Gabrielle
FEMALE,WHITE NON HISPANIC,Georgina
FEMALE,WHITE NON HISPANIC,Hendy
FEMALE,WHITE NON HISPANIC,Ines
FEMALE,WHITE NON HISPANIC,Jacqueline
FEMALE,WHITE NON HISPANIC,Leia
FEMALE,WHITE NON HISPANIC,Livia
FEMALE,WHITE NON HISPANIC,Lucille
FEMALE,WHITE NON HISPANIC,Peyton
FEMALE,WHITE NON HISPANIC,Zara
FEMALE,WHITE NON HISPANIC,Winnie
FEMALE,WHITE NON HISPANIC,Tzipora
FEMALE,WHITE NON HISPANIC,Shira
FEMALE,WHITE NON HISPANIC,Shifra
FEMALE,WHITE NON HISPANIC,Samira
FEMALE,WHITE NON HISPANIC,Ruchel
FEMALE,WHITE NON HISPANIC,Rosie
FEMALE,WHITE NON HISPANIC,Reem
FEMALE,WHITE NON HISPANIC,Noor
FEMALE,WHITE NON HISPANIC,Millie
FEMALE,WHITE NON HISPANIC,Milana
FEMALE,WHITE NON HISPANIC,Michal
FEMALE,WHITE NON HISPANIC,Melissa
FEMALE,WHITE NON HISPANIC,Anya
FEMALE,WHITE NON HISPANIC,Aubrey
FEMALE,WHITE NON HISPANIC,Aya
FEMALE,WHITE NON HISPANIC,Brielle
FEMALE,WHITE NON HISPANIC,Camila
FEMALE,WHITE NON HISPANIC,Celia
FEMALE,WHITE NON HISPANIC,Dalia
FEMALE,WHITE NON HISPANIC,Dua
FEMALE,WHITE NON HISPANIC,Ester
FEMALE,WHITE NON HISPANIC,Goldie
FEMALE,WHITE NON HISPANIC,Helena
FEMALE,WHITE NON HISPANIC,Meira
FEMALE,WHITE NON HISPANIC,Juniper
FEMALE,WHITE NON HISPANIC,Frieda
FEMALE,WHITE NON HISPANIC,Fatima
FEMALE,WHITE NON HISPANIC,Devory
FEMALE,WHITE NON HISPANIC,Dahlia
FEMALE,WHITE NON HISPANIC,Celeste
FEMALE,WHITE NON HISPANIC,Camille
FEMALE,WHITE NON HISPANIC,Brooklyn
FEMALE,WHITE NON HISPANIC,Brianna
FEMALE,WHITE NON HISPANIC,Blair
FEMALE,WHITE NON HISPANIC,Kira
FEMALE,WHITE NON HISPANIC,Lielle
FEMALE,WHITE NON HISPANIC,Lydia
FEMALE,WHITE NON HISPANIC,Miri
FEMALE,WHITE NON HISPANIC,Natalia
FEMALE,WHITE NON HISPANIC,Noelle
FEMALE,WHITE NON HISPANIC,Reizy
FEMALE,WHITE NON HISPANIC,Riva
FEMALE,WHITE NON HISPANIC,Serafina
FEMALE,WHITE NON HISPANIC,Tessa
FEMALE,WHITE NON HISPANIC,Aliya
FEMALE,WHITE NON HISPANIC,Astrid
FEMALE,WHITE NON HISPANIC,Amara
FEMALE,WHITE NON HISPANIC,Giovanna
MALE,ASIAN AND PACIFIC ISLANDER,Ethan
MALE,ASIAN AND PACIFIC ISLANDER,Lucas
MALE,ASIAN AND PACIFIC ISLANDER,Aiden
MALE,ASIAN AND PACIFIC ISLANDER,Muhammad
MALE,ASIAN AND PACIFIC ISLANDER,Jayden
MALE,ASIAN AND PACIFIC ISLANDER,Ryan
MALE,ASIAN AND PACIFIC ISLANDER,Jasper
MALE,ASIAN AND PACIFIC ISLANDER,Liam
MALE,ASIAN AND PACIFIC ISLANDER,Daniel
MALE,ASIAN AND PACIFIC ISLANDER,Noah
MALE,ASIAN AND PACIFIC ISLANDER,Mason
MALE,ASIAN AND PACIFIC ISLANDER,Leo
MALE,ASIAN AND PACIFIC ISLANDER,William
MALE,ASIAN AND PACIFIC ISLANDER,Ayaan
MALE,ASIAN AND PACIFIC ISLANDER,Evan
MALE,ASIAN AND PACIFIC ISLANDER,Nathan
MALE,ASIAN AND PACIFIC ISLANDER,Alexander
MALE,ASIAN AND PACIFIC ISLANDER,Jason
MALE,ASIAN AND PACIFIC ISLANDER,Oliver
MALE,ASIAN AND PACIFIC ISLANDER,Henry
MALE,ASIAN AND PACIFIC ISLANDER,Mohammad
MALE,ASIAN AND PACIFIC ISLANDER,Austin
MALE,ASIAN AND PACIFIC ISLANDER,Kyle
MALE,ASIAN AND PACIFIC ISLANDER,Aaron
MALE,ASIAN AND PACIFIC ISLANDER,Arham
MALE,ASIAN AND PACIFIC ISLANDER,Dylan
MALE,ASIAN AND PACIFIC ISLANDER,Eric
MALE,ASIAN AND PACIFIC ISLANDER,Justin
MALE,ASIAN AND PACIFIC ISLANDER,Matthew
MALE,ASIAN AND PACIFIC ISLANDER,Ibrahim
MALE,ASIAN AND PACIFIC ISLANDER,Andrew
MALE,ASIAN AND PACIFIC ISLANDER,Adam
MALE,ASIAN AND PACIFIC ISLANDER,Abdullah
MALE,ASIAN AND PACIFIC ISLANDER,James
